{"assets/images/dismiss.svg":["assets/images/dismiss.svg"],"assets/images/empty_bookmarks.svg":["assets/images/empty_bookmarks.svg"],"assets/images/empty_shopping.svg":["assets/images/empty_shopping.svg"],"assets/images/icon_bookmark.svg":["assets/images/icon_bookmark.svg"],"assets/images/icon_bookmarks.svg":["assets/images/icon_bookmarks.svg"],"assets/images/icon_recipe.svg":["assets/images/icon_recipe.svg"],"assets/images/icon_shopping_list.svg":["assets/images/icon_shopping_list.svg"],"assets/recipes1.json":["assets/recipes1.json"],"assets/recipes2.json":["assets/recipes2.json"],"packages/cupertino_icons/assets/CupertinoIcons.ttf":["packages/cupertino_icons/assets/CupertinoIcons.ttf"]}